subject,HR_Baseline,HR_Recovery,HR_Stress,RMSSD_Baseline,RMSSD_Recovery,RMSSD_Stress,SD2/SD1_Baseline,SD2/SD1_Recovery,SD2/SD1_Stress,LF/HF_Baseline,LF/HF_Recovery,LF/HF_Stress,HF_nu_Baseline,HF_nu_Recovery,HF_nu_Stress,garmin_stress_Baseline,garmin_stress_Recovery,garmin_stress_Stress,reported_stress_Baseline,reported_stress_Recovery,reported_stress_Stress,height[cm],weight[Kg],age,sex,Dominant_hand,math_quiz_score,PSS-14_score,bmi_Kg/m^2,smoking,oral_contraceptive,exercise,exercise_freq,exercise_intensity,sleep_number_hours,sleep_start_time,awake_time,HR_Delta,RMSSD_Delta,SD2/SD1_Delta,LF/HF_Delta,HF_nu_Delta,garmin_stress_Delta,reported_stress_Delta
401,91.3526066,89.3550102,86.6550776,24.9369024,30.3606614,31.752481,3.0288264000000003,3.1547906,2.9208334,4.2982256,5.9128876,6.126008799999999,19.6373076,14.735536200000002,14.3813068,61.6,53.8,51.8,2,5,7,167.0,110.0,29,M,R,0.0,39.0,39.442073935960416,False,False,False,1.0,low,9.0,11:00:00 pm,8:00:00 am,-4.697529000000003,6.8155785999999985,-0.10799300000000045,1.827783199999999,-5.256000799999999,-9.800000000000004,5
402,64.0768098,63.88743519999999,64.307397,57.0613518,52.5946832,53.18815480000001,1.7479042,1.8542132,2.046641,1.3028402,1.3115754,2.4758336,44.264974,43.5248622,30.3674178,21.75,18.25,22.0,2,4,6,162.0,73.0,24,F,R,19.0,29.0,27.815881725346745,False,True,True,1.0,medium,6.0,11:30:00 pm,8:30:00 am,0.230587199999988,-3.8731969999999905,0.29873680000000014,1.1729934000000002,-13.897556200000004,0.25,4
405,72.4028032,69.1971448,74.523123,43.2127304,56.82811680000001,46.6400762,1.631393,1.4444756,1.8823084,0.5547606,0.4580408,0.9816024,67.5967806,69.9816732,52.379704200000006,20.0,21.2,24.0,1,1,6,174.0,90.0,21,F,R,185.0,,29.72651605231867,False,False,False,1.0,low,7.0,11:00:00 pm,6:00:00 am,2.1203198000000043,3.4273458000000048,0.2509154,0.42684179999999994,-15.217076399999996,4.0,5
407,58.3328936,58.9082592,73.325257,75.9201436,68.2490032,53.0705688,1.7084512,1.6036662,2.31286,1.2881728,1.1205264,2.1851804,45.2142284,50.085158,32.5457274,10.6,13.6,7.2,3,5,7,178.0,91.0,26,M,R,232.0,13.0,28.721121070571897,False,False,True,1.0,high,7.0,1:00:00 am,8:00:00 am,14.992363399999995,-22.849574800000006,0.6044088000000001,0.8970076000000002,-12.668501000000006,-3.3999999999999995,4
408,54.940502200000005,56.775381800000005,56.6056352,44.7503298,44.773832000000006,38.0771724,1.6085864,1.6023912,1.5110872,1.338579,1.527116,1.4214782,45.643118,42.0118736,41.92252380000001,11.0,8.4,10.6,5,3,7,166.0,68.0,28,F,R,88.0,40.0,24.677021338365517,False,False,True,1.0,high,7.0,11:30:00 pm,6:30:00 am,1.6651329999999973,-6.673157400000001,-0.09749920000000012,0.08289919999999995,-3.7205941999999936,-0.40000000000000036,2
410,72.38278,79.261287,87.8940792,16.8785844,15.5646508,14.8719832,3.003841,3.5176668,3.2039630000000003,3.0198268,6.377054799999999,3.5386508,26.0705786,15.9854672,23.381291,48.2,69.0,78.4,1,4,6,173.0,57.0,27,F,R,124.0,30.0,19.045073340238563,False,False,False,1.0,medium,6.5,1:00:00 am,7:30:00 am,15.511299199999996,-2.0066012000000004,0.20012200000000036,0.518824,-2.6892876,30.200000000000003,5
411,59.2351858,65.400464,70.93370279999999,83.5755826,57.9619038,50.212623,1.2989608,1.8389752,1.8543566,0.8938037999999999,1.8206126,1.2281414000000002,55.5374548,39.4113566,46.6806626,14.0,38.25,46.2,1,1,4,171.0,76.0,28,M,R,193.0,15.0,25.99090318388564,False,False,True,1.0,medium,7.0,12:00:00 am,7:00:00 am,11.698516999999995,-33.3629596,0.5553958000000001,0.33433760000000023,-8.856792200000001,32.2,3
416,83.64969699999999,82.1907416,85.2984956,15.832455200000002,19.0485914,18.5091942,2.6951574,2.9552094,2.8870440000000004,1.9165750000000004,2.7295626000000004,2.371288,35.699762199999995,27.2964492,30.023415,46.2,46.0,53.2,6,2,5,160.0,84.0,34,F,R,48.0,29.0,32.81249999999999,False,False,False,1.0,low,8.5,10:30:00 pm,6:00:00 am,1.6487986000000063,2.6767389999999978,0.19188660000000057,0.4547129999999995,-5.676347199999995,7.0,-1
417,58.6477618,56.7994868,60.7019954,49.6518688,44.57454640000001,60.6530044,1.8621612,1.771024,1.7078593999999998,2.0910954,1.7499116,1.6771032,32.8956068,37.555105600000005,38.872202,16.0,12.25,18.33333333333333,1,2,3,170.0,62.0,39,M,R,369.0,11.0,21.45328719723184,False,False,False,1.0,low,7.0,11:00:00 pm,6:00:00 am,2.0542336000000034,11.001135599999998,-0.15430180000000027,-0.41399220000000003,5.976595199999998,2.3333333333333286,2
419,81.38986919999999,80.40812659999999,82.9186342,22.1822448,22.5660232,22.6836032,3.1108134,3.1566358,2.93891,6.319423200000001,6.1014128,4.427007999999999,14.8967802,14.6868174,19.0614424,66.0,65.2,70.2,3,2,4,180.0,80.0,25,M,L,329.0,32.0,24.69135802469136,False,False,True,3.0,medium,0.0,11:00:00 pm,9:00:00 am,1.528765000000007,0.5013584000000009,-0.17190340000000015,-1.892415200000002,4.1646622,4.200000000000003,1
420,74.29814920000001,78.2846302,78.1095546,24.911765600000003,21.8652888,28.9497368,2.7398266,2.757886,2.5028394,3.7115474,4.4378838,3.0606304,23.6222796,20.297371400000003,27.9218902,40.5,49.0,45.6,1,1,2,162.0,50.0,24,F,R,174.0,16.0,19.05197378448407,False,True,True,1.0,high,8.0,12:00:00 am,8:00:00 am,3.811405399999984,4.037971199999998,-0.23698719999999973,-0.6509170000000002,4.299610600000001,5.100000000000001,1
421,78.0853116,79.0581072,85.99411119999999,26.0504618,23.7063726,20.3944974,2.0687978,2.1099092,2.7968958,1.373103,1.6547098000000002,4.6220616,43.232545,39.102063,22.2191822,64.0,68.6,76.2,1,1,9,170.0,70.0,25,F,R,86.0,15.0,24.221453287197235,False,True,False,0.0,,6.0,12:50:00 am,7:30:00 am,7.908799599999995,-5.655964400000002,0.7280980000000001,3.2489586000000004,-21.013362800000003,12.200000000000003,8
422,75.92359780000001,74.78211300000001,83.7700606,25.3460352,25.3837076,24.876082,1.5510814000000002,1.6028798000000002,1.993114,0.7256576,1.0021956,1.4148200000000002,60.680654200000006,57.4606712,43.799449800000005,31.666666666666668,26.0,43.8,3,3,6,168.0,56.0,24,F,R,332.0,33.0,19.841269841269845,False,True,False,0.0,,7.0,12:30:00 am,7:30:00 am,7.846462799999983,-0.46995319999999907,0.4420325999999999,0.6891624000000002,-16.8812044,12.13333333333333,3
423,65.3575758,68.69041580000001,72.5939336,36.1267228,32.4216478,37.1757048,2.7105828,2.8982596000000003,2.5631272,6.331996599999999,6.917259200000001,4.3653638,14.3853556,13.3963528,19.3140532,13.6,15.25,14.0,2,1,7,180.0,82.0,34,M,R,96.0,34.0,25.30864197530864,False,False,True,3.0,high,5.0,11:15:00 pm,4:15:00 am,7.236357799999993,1.0489819999999952,-0.14745560000000024,-1.9666327999999993,4.9286976,0.40000000000000036,5
424,76.80461759999999,78.2907328,85.5155226,16.3946836,15.4420444,14.3652852,2.8493978000000006,2.1738658,2.8105232,5.468919999999999,1.5901248,3.5263848,22.419357,40.6602126,25.0864334,81.4,82.6,87.4,1,1,4,158.0,95.0,34,F,L,96.0,18.0,38.05479891043102,False,True,False,0.0,,6.0,12:00:00 am,6:00:00 am,8.710905000000011,-2.0293984,-0.03887460000000065,-1.9425351999999987,2.667076399999999,6.0,3
425,51.326257,54.71185320000001,66.5511544,104.8766356,92.463904,52.4927348,1.092537,1.6014322,1.87041,0.9456572,2.2708518,1.9655556,55.7616986,36.1446288,36.5109922,8.6,11.25,23.0,1,1,4,182.0,88.0,22,M,L,144.0,25.0,26.56683975365294,False,False,True,3.0,medium,8.0,11:30:00 pm,7:30:00 am,15.224897400000003,-52.3839008,0.7778729999999998,1.0198984000000002,-19.250706400000006,14.4,3
426,68.8478552,70.6343732,75.6861762,30.259065400000004,27.8532504,23.0708282,1.7111123999999998,2.1512742,2.440107,1.5402362,3.0071292,3.0862086,40.8141048,26.0391266,29.8869918,42.0,39.5,46.4,1,1,6,162.0,47.0,34,F,R,108.0,46.0,17.908855357415025,False,False,False,1.0,low,7.0,12:00:00 am,7:00:00 am,6.838321000000008,-7.188237200000003,0.7289946,1.5459724,-10.927113000000002,4.399999999999999,5
427,68.3166388,74.1414866,77.3073468,97.8693582,65.4562762,56.13239219999999,1.7520808000000003,1.8107516,2.1277506,1.5801366,1.7490949999999998,2.439334,39.1450858,37.1608926,31.943830400000003,46.4,63.8,70.0,1,1,1,180.0,95.0,25,M,L,143.0,16.0,29.320987654320987,False,False,True,3.0,medium,6.0,2:00:00 am,8:00:00 am,8.990707999999998,-41.736966,0.37566979999999983,0.8591974000000002,-7.201255399999994,23.6,0
428,47.5003172,48.0200268,48.7508654,86.0108324,81.0387052,84.4432668,1.0561958,1.1462904000000005,1.0843348000000002,0.6519522,0.8760119999999999,0.5619506000000001,61.081348000000006,54.366395,64.745858,4.0,4.6,5.4,1,1,3,167.0,70.0,38,M,R,268.0,23.0,25.099501595611173,False,False,True,3.0,medium,7.0,12:00:00 am,7:00:00 am,1.2505482000000043,-1.5675655999999947,0.028139000000000136,-0.0900015999999999,3.664509999999993,1.4000000000000004,2
430,107.825584,106.7955282,121.4326286,8.2416516,9.247158,6.010399,3.6056708,3.9278316,4.353167,6.0471744,6.902969799999999,6.1369512,15.3934492,15.0074522,14.316981400000005,94.0,92.8,96.8,5,5,5,158.0,60.0,28,F,R,0.0,,24.03460983816696,False,False,False,1.0,low,6.5,12:30:00 am,7:00:00 am,13.607044599999995,-2.2312526000000013,0.7474962,0.0897768000000001,-1.0764677999999943,2.799999999999997,0
434,73.81195640000001,74.4312328,81.2373302,54.7600106,51.37510460000001,39.7394942,1.5147776,1.5685738,1.6039718,0.6333716,0.7032312000000001,0.5213284,61.9851736,60.19070979999999,66.289208,46.0,54.8,65.4,1,1,2,160.0,58.0,35,F,R,45.0,12.0,22.65625,False,False,False,0.0,,6.0,12:00:00 am,6:40:00 am,7.4253737999999885,-15.020516399999998,0.08919420000000011,-0.11204320000000001,4.304034399999999,19.400000000000006,1
436,78.269181,68.76576,70.9923858,47.544133,73.537435,76.03431379999999,2.1094702,1.4219034000000002,1.5986934,1.6120587999999998,0.7349256,0.7514566,39.2529038,60.9702406,57.7129688,50.0,34.5,40.4,1,1,6,172.0,65.0,34,F,R,71.0,34.0,21.97133585722012,False,False,False,1.0,low,7.0,11:30:00 pm,6:30:00 am,-7.276795200000009,28.49018079999999,-0.5107768000000001,-0.8606021999999998,18.460065,-9.600000000000001,5
437,64.78728600000001,63.95302920000002,64.90458100000001,49.7466002,51.226579,49.4451034,1.8078168,1.5663928000000005,2.032524,1.4510624,1.3618958,1.6444594,41.4876784,46.5401074,38.0343244,18.4,19.2,16.333333333333332,1,1,2,155.0,45.0,35,F,R,-37.0,18.0,18.730489073881373,True,False,False,0.0,,6.0,11:00:00 pm,7:30:00 am,0.1172949999999986,-0.30149680000000245,0.2247072000000001,0.19339699999999982,-3.4533539999999974,-2.0666666666666664,1
438,74.248074,76.5097618,73.98279500000001,23.9773232,22.1785296,24.2105536,2.6978122,3.1507442,2.6096054000000004,5.622439999999999,8.343918599999999,5.949819,16.1451332,12.1373744,16.486577599999997,22.25,33.0,23.75,1,2,2,180.0,79.0,37,M,R,217.0,23.0,24.382716049382715,False,False,True,5.0,high,7.0,1:00:00 am,8:00:00 am,-0.2652789999999925,0.23323040000000006,-0.08820679999999959,0.32737900000000053,0.34144439999999676,1.5,1
440,61.1617904,59.337988,67.0768262,51.5767414,48.50416299999999,49.4146168,2.1384662,1.886478,2.1143674,2.4199208000000003,2.027438,1.5744032,30.976499,33.9182338,39.5414128,19.0,21.0,31.6,3,2,5,173.0,73.0,23,M,R,91.0,29.0,24.3910588392529,False,False,True,5.0,medium,8.0,12:00:00 pm,8:00:00 am,5.915035799999998,-2.1621246000000056,-0.024098799999999976,-0.8455176000000004,8.564913800000003,12.600000000000001,2
441,70.0036036,68.66299519999998,71.7224128,29.244468,29.2788526,28.9993374,1.841489,1.861258,2.5559982000000003,1.4518654,1.5590318,3.6446432,41.7958186,39.25609240000001,22.078569,33.333333333333336,26.0,34.0,1,2,7,188.0,90.0,39,M,R,97.0,36.0,25.46401086464464,False,False,True,1.0,medium,7.0,1:30:00 am,8:30:00 am,1.7188091999999955,-0.24513059999999953,0.7145092000000004,2.1927778,-19.717249599999995,0.6666666666666643,6
442,65.9714116,66.69733679999999,74.953299,52.1008328,55.67422160000001,34.368358,2.0123932,2.1733698,2.8275316,1.5263152000000002,1.952412,3.3140378,40.439523,34.89651740000001,23.5883348,41.2,47.8,64.6,1,3,6,162.0,64.0,24,F,R,251.0,24.0,24.38652644413961,False,True,True,3.0,medium,8.0,11:00:00 pm,7:00:00 am,8.981887400000005,-17.7324748,0.8151383999999999,1.7877225999999997,-16.851188200000003,23.39999999999999,5
443,80.925081,86.73738680000001,95.2811724,49.1818298,24.6463544,17.696174399999997,1.7441212,2.630501,2.9073892,0.9131352,1.9338382,1.6078514,53.49973239999999,36.7970234,40.2418538,76.6,83.6,89.0,1,1,5,162.0,89.0,22,F,R,254.0,25.0,33.91251333638164,True,True,False,0.0,,8.0,12:30:00 am,8:30:00 am,14.356091399999997,-31.485655400000006,1.163268,0.6947161999999999,-13.25787859999999,12.400000000000006,4
444,80.0794566,75.7326698,82.4021664,22.8442998,31.2368962,21.6475212,2.9724824,1.7964768,2.4843486,7.880463199999999,1.2789794,4.0247436,18.199694600000004,44.7491178,28.579519,40.4,34.0,45.2,1,2,4,158.0,54.0,23,F,R,195.0,32.0,21.63114885435026,False,False,False,1.0,high,7.5,1:00:00 am,8:30:00 am,2.3227097999999984,-1.1967786000000018,-0.48813379999999995,-3.8557195999999987,10.379824399999997,4.800000000000004,3
447,60.932824800000006,56.1459388,59.6998322,91.9609946,130.0928058,104.5847232,1.435198,1.3190452,1.3688248,0.8189398000000001,0.9151546,0.7953300000000001,56.0852632,53.0598346,59.05925080000001,8.5,2.4,5.8,1,1,2,185.0,80.0,25,M,R,229.0,24.0,23.37472607742878,False,False,True,3.0,medium,8.0,11:00:00 pm,7:00:00 am,-1.2329926000000029,12.623728599999993,-0.06637319999999991,-0.023609800000000014,2.973987600000008,-2.7,1
448,88.4173564,90.9129162,93.3338584,19.9028548,15.3158184,19.0832678,2.0083522,2.3790346,3.0770938,1.1240852,1.6110017999999997,2.9938692,48.5795338,38.7978574,25.993748400000005,81.5,83.4,85.6,1,1,3,175.0,79.0,23,F,R,44.0,26.0,25.79591836734694,False,True,False,1.0,medium,8.0,12:00:00 am,8:00:00 am,4.916501999999994,-0.8195869999999985,1.0687416,1.869784,-22.585785399999995,4.099999999999994,2
449,85.1641908,84.246902,86.537312,17.179207599999998,19.5693948,20.9277744,2.9327168,3.0311402000000003,2.9497654000000004,3.379325,3.5900804,3.6084008,24.715281,23.7635186,23.9213902,36.6,29.0,37.0,1,1,4,171.0,55.0,25,M,R,137.0,34.0,18.80920625149619,False,False,True,1.0,low,7.0,4:00:00 am,11:00:00 am,1.3731212,3.7485668000000025,0.017048600000000302,0.22907579999999994,-0.7938907999999998,0.3999999999999986,3
450,75.2109088,73.599398,81.0685556,48.194981,52.38362920000001,39.481872,1.5528878,1.522804,2.1226156,1.114648,1.1334062,1.572526,47.9956522,48.3604072,40.090484,25.5,21.75,39.4,3,4,1,154.0,60.0,24,F,R,55.0,42.0,25.2993759487266,False,True,False,1.0,low,8.0,12:30:00 am,8:30:00 am,5.857646799999998,-8.713108999999996,0.5697278000000001,0.457878,-7.905168200000006,13.899999999999999,-2
451,86.0726478,88.2518036,93.2343384,40.7818796,35.378738000000006,33.4238108,2.4997712,2.9684436,2.6101974,0.8935042000000001,1.6531264,1.539599,55.9069804,39.1141956,39.9726792,65.0,70.0,73.0,3,2,9,153.0,49.0,22,F,R,8.0,34.0,20.932120124738347,False,False,False,0.0,,7.0,1:00:00 am,8:00:00 am,7.1616906,-7.358068800000005,0.11042620000000003,0.6460947999999999,-15.9343012,8.0,6
452,78.4237928,85.33556300000001,86.8289916,53.9057098,57.3706644,52.8293634,1.6691276000000002,1.809222,1.6572288,1.1290256,2.084662,1.4479542,48.3408328,35.6369912,41.8497148,45.4,70.2,66.6,2,2,5,165.0,52.0,26,F,R,44.0,22.0,19.10009182736456,False,False,True,1.0,low,7.0,11:45:00 pm,7:30:00 am,8.405198799999994,-1.0763463999999985,-0.01189880000000021,0.3189286,-6.491118,21.199999999999996,3
453,71.97636659999999,70.4681138,77.1115444,32.9509388,40.3053314,33.0340464,1.9249328,1.9816152,2.3647536,1.1739596,1.3193072,1.975642,47.503857800000006,43.674521000000006,34.366404,48.2,45.2,62.8,2,2,2,159.0,45.0,21,F,R,239.0,19.0,17.799928800284796,False,False,True,3.0,medium,9.0,12:00:00 am,9:00:00 am,5.135177800000008,0.08310759999999817,0.4398207999999997,0.8016823999999998,-13.137453800000003,14.599999999999994,0
455,77.7831206,72.9235852,87.42841859999999,21.6831478,28.2744706,16.644395,2.1974132,1.8610502,2.5058194,1.0324918,0.590122,1.5495274,50.7239104,64.0705128,40.3827624,56.8,38.0,76.8,2,2,2,162.0,63.0,26,F,R,284.0,25.0,24.00548696844993,False,False,True,1.0,medium,7.0,12:30:00 am,7:30:00 am,9.645297999999983,-5.038752800000001,0.30840619999999985,0.5170356,-10.341148000000004,20.0,0
456,69.06625740000001,72.1885616,68.3826732,40.2807992,35.9139026,43.2421912,2.418603,2.8098934,2.0063778,2.5338928000000003,4.18052,1.9375008,29.7653824,20.386584,35.6670586,11.6,32.0,16.4,2,1,4,190.0,75.0,27,M,R,137.0,41.0,20.775623268698062,False,False,True,3.0,medium,7.0,2:00:00 am,9:00:00 am,-0.6835842000000127,2.9613920000000036,-0.41222519999999996,-0.5963920000000003,5.901676199999997,4.799999999999999,2
461,80.9947252,79.2924598,79.3984958,44.7743024,44.989205,50.4270034,2.3550028000000003,2.3155798,2.0621174,2.0212576,1.4730972,1.3357736,34.69770079999999,41.3384472,42.8625206,71.4,68.2,68.0,3,2,6,155.0,46.0,21,F,R,268.0,15.0,19.14672216441207,False,False,False,0.0,,7.0,3:00:00 am,10:00:00 am,-1.5962293999999986,5.652700999999993,-0.2928854000000003,-0.6854840000000002,8.16481980000001,-3.4000000000000057,3
462,76.95476260000001,81.0137256,85.8248844,23.4029264,17.933438000000002,17.967384799999998,2.2911468,2.6144802,2.7699778,3.2441926000000003,5.0477862,3.0796062,24.796997,19.2676202,26.7489422,35.6,52.8,67.8,3,6,8,168.0,76.0,29,F,R,271.0,29.0,26.92743764172336,False,False,True,1.0,medium,7.0,12:00:00 am,9:00:00 am,8.870121799999993,-5.4355416000000005,0.478831,-0.16458640000000013,1.9519451999999973,32.199999999999996,5
465,80.8503298,81.6615856,96.2450798,35.892252199999994,32.86250220000001,21.2572892,1.7332682,2.1712622,3.2414536,0.714703,1.2994972,2.7541546,59.3635944,45.3089088,27.9152254,62.8,66.6,83.6,5,0,10,160.0,51.0,32,F,R,46.0,21.0,19.921875,False,False,False,1.0,low,8.0,10:00:00 pm,6:00:00 am,15.394750000000002,-14.634962999999996,1.5081854,2.0394516,-31.448368999999996,20.799999999999997,5
466,65.6198962,65.5269204,73.993674,29.682925199999996,34.9938894,51.9193046,2.6741454,2.6313108,1.9187898,3.986329000000001,3.0971854,1.406181,22.5574168,27.3380912,43.4419078,41.0,24.33333333333333,48.25,1,2,3,179.0,73.0,24,M,R,,32.0,22.783308885490467,False,False,True,5.0,medium,8.0,12:30:00 am,8:30:00 am,8.3737778,22.2363794,-0.7553555999999999,-2.580148000000001,20.884491000000004,7.25,2
467,74.9874344,75.067327,77.7373436,42.8736152,44.556045,60.0844798,1.6451828000000002,1.8315828,1.7632994,0.6937724,1.1536396,0.7427835999999999,59.7768176,47.4169838,58.2267516,14.75,19.2,20.6,1,1,3,161.0,73.0,24,F,L,233.0,21.0,28.16249373095173,False,False,False,1.0,low,8.0,12:30:00 am,8:30:00 am,2.7499092000000047,17.210864599999994,0.1181165999999998,0.04901119999999992,-1.550066000000001,5.850000000000001,2
468,68.986118,73.1396458,79.6065372,35.6028684,23.7357776,26.7336522,1.5256545999999995,2.1980682,2.9628982,0.9997804,3.6263598,5.534956599999999,50.9048474,26.978923,17.217230800000003,32.75,45.4,65.6,1,1,4,167.0,51.0,38,F,R,284.0,25.0,18.286779733945284,False,True,True,5.0,high,7.0,12:00:00 am,7:15:00 am,10.6204192,-8.869216199999997,1.4372436000000006,4.5351761999999995,-33.6876166,32.849999999999994,3
469,69.60365759999999,73.48862820000001,76.90422079999999,25.6287192,21.1647544,20.9956196,2.1055342,2.7665066,2.8658426,1.3252304,2.3433544,3.314053799999999,43.5906792,34.095818599999994,23.9932134,14.8,23.8,26.0,6,6,5,163.0,58.0,32,F,R,57.0,34.0,21.82995219993225,True,False,True,1.0,medium,8.0,11:00:00 pm,7:00:00 am,7.300563199999999,-4.633099599999998,0.7603084,1.9888233999999991,-19.5974658,11.2,-1
470,41.734373,43.0975324,47.1091538,137.4235614,132.7348348,137.9753556,0.7136304000000001,0.6553184,0.8720874000000001,0.4050716,0.3799816,0.4553323999999999,72.3041044,73.33685299999999,69.34770619999999,1.4,1.6,6.2,2,3,7,156.0,50.0,22,F,R,203.0,41.0,20.5456936226167,False,False,True,3.0,high,7.0,11:30:00 pm,7:00:00 am,5.3747808000000035,0.5517941999999891,0.15845699999999996,0.05026079999999994,-2.9563982000000095,4.800000000000001,5
471,64.175622,74.08893,75.57108360000001,61.221479,44.1406252,39.3329828,1.6495774,2.4286756000000005,2.2888526,1.1502616,3.5039648,2.2815428,47.5297344,26.5128198,32.9773718,13.0,38.0,44.2,1,1,3,169.0,55.0,27,F,R,317.0,15.0,19.257028815517668,False,False,True,3.0,high,6.5,11:00:00 pm,5:45:00 am,11.395461600000004,-21.8884962,0.6392751999999997,1.1312811999999999,-14.552362600000002,31.200000000000003,2
473,74.30364519999999,77.174178,74.5367464,24.4054674,27.717724200000003,34.165508,3.1651888,3.1240032,2.7217392,9.0571818,7.262388400000001,6.8799988,10.489176400000002,14.6060534,12.7941,54.4,57.2,52.8,2,3,5,179.0,68.0,24,M,L,88.0,24.0,21.22280827689523,False,False,True,1.0,medium,8.0,11:30:00 pm,7:30:00 am,0.23310120000000722,9.760040600000004,-0.4434496000000001,-2.1771830000000003,2.3049235999999986,-1.6000000000000014,3
476,89.136225,85.4087888,84.0376126,16.5785242,20.4306426,28.7625804,3.0999068,3.2088142,2.5456036,7.1575702,6.4130088,4.5011118,13.1721698,13.6442794,18.5683748,71.8,76.0,81.0,2,2,2,183.0,78.0,23,M,R,482.0,15.0,23.291229956104985,False,False,True,1.0,high,5.0,5:00:00 am,10:00:00 am,-5.098612399999993,12.1840562,-0.5543031999999997,-2.6564584,5.396205,9.200000000000003,0
477,90.2146066,88.8541282,89.7861052,9.3664924,9.1379256,8.851132799999998,4.2996512000000005,4.7748328,4.2299364,9.4489904,14.6396832,14.1793914,10.2983392,7.0459114,7.037623600000001,76.8,76.4,77.6,1,1,4,184.0,100.0,39,M,,462.0,13.0,29.536862003780715,False,False,True,5.0,low,7.0,1:30:00 am,9:00:00 am,-0.4285014000000018,-0.5153596000000018,-0.06971480000000074,4.7304010000000005,-3.2607155999999984,0.7999999999999972,3
478,83.26067760000001,78.5161958,81.45753260000001,39.5998746,34.8749356,40.958012800000006,2.641298,2.7758432,2.4375258000000004,3.089881,3.26506,2.422263,25.14108,24.8827978,30.7011982,46.8,34.6,45.2,3,1,6,165.0,60.0,25,F,L,31.0,30.0,22.03856749311295,False,True,True,1.0,medium,7.5,12:30:00 am,8:30:00 am,-1.8031450000000007,1.3581382000000062,-0.20377219999999951,-0.667618,5.560118200000002,-1.5999999999999943,3
479,88.7886164,91.1835502,93.5625744,21.0107544,18.4444726,17.9470214,3.068893,3.1790632000000003,2.835921,3.8482018,3.3954986,2.5570758,21.5715358,24.9614552,29.7231878,69.4,74.4,77.0,3,2,7,160.0,60.0,19,F,R,39.0,35.0,23.4375,False,False,False,0.0,,8.0,1:00:00 pm,9:00:00 am,4.7739580000000075,-3.063732999999999,-0.23297200000000018,-1.2911260000000002,8.151652000000002,7.599999999999994,4
481,65.6384106,68.2021492,75.2833482,70.29878920000002,57.640600000000006,50.6399036,2.4481404,2.466226,2.2249998,6.0241562,3.6110248,1.5370966,15.353346599999998,23.5422742,40.2986646,42.2,50.4,56.6,1,1,1,180.0,95.0,29,M,L,-16.0,27.0,29.320987654320987,False,False,True,3.0,medium,8.0,11:30:00 pm,8:00:00 am,9.644937600000006,-19.65888560000002,-0.22314060000000024,-4.4870596,24.945318000000004,14.399999999999999,0
482,92.00763179999998,88.22876219999998,89.24771799999999,17.591721200000002,22.089723,23.1661548,2.5295546,2.6839308,2.0977302,3.219926,2.5255548,2.9677578,24.05538,28.5068976,26.467581799999994,81.4,76.2,77.6,1,1,4,160.0,55.0,22,F,R,67.0,35.0,21.484375,False,False,False,1.0,low,8.0,12:00:00 am,8:00:00 am,-2.7599137999999925,5.574433599999999,-0.4318244,-0.2521682000000003,2.4122017999999947,-3.8000000000000114,3
483,78.31485140000001,75.8556652,77.51506400000001,21.5245876,26.1637748,22.3290936,3.2476156000000005,3.3224916,3.5608938,6.0653306,7.463264799999999,9.641501600000002,14.9380756,12.080549199999998,9.8563854,64.0,56.2,60.6,2,1,7,177.0,75.0,32,F,R,65.0,16.0,23.93948099205209,False,False,True,1.0,low,7.0,1:00:00 am,8:00:00 am,-0.7997873999999996,0.8045059999999999,0.3132781999999996,3.5761710000000013,-5.081690199999999,-3.3999999999999986,5
484,97.930784,93.8214846,104.53539959999998,13.5297608,17.7689524,12.6226992,2.5809056,2.8258362,3.399928,1.361329,1.5802102000000002,2.616962,46.151028200000006,42.8884052,28.941198,87.0,83.6,90.6,1,1,4,153.0,59.5,23,F,R,210.0,16.0,25.41757443718228,False,False,True,3.0,medium,8.5,10:00:00 pm,6:30:00 am,6.604615599999974,-0.9070616000000005,0.8190224000000002,1.255633,-17.209830200000006,3.5999999999999943,3
485,83.4991046,79.4462992,85.5427594,16.1534154,22.4276732,30.1520858,2.4871742,2.564571,3.0093404,2.682328,2.6808232,3.1910178,27.4035036,28.002070600000003,24.0958296,57.4,43.6,62.6,3,6,2,161.0,58.0,21,F,R,77.0,23.0,22.375679950619187,False,True,True,1.0,low,8.5,12:00:00 am,8:00:00 am,2.0436547999999988,13.998670399999998,0.5221662,0.5086898,-3.3076740000000022,5.200000000000003,-1
486,78.81070020000001,81.1018654,85.4985812,71.336879,55.2885312,49.0572306,1.0513748,1.4621356,1.5794048,0.4901858,1.7730512,2.0886716,68.99071180000001,38.4637274,34.6864446,42.6,50.2,55.2,2,1,3,150.0,50.0,30,F,R,288.0,34.0,22.22222222222222,False,True,True,1.0,low,9.0,11:30:00 pm,7:30:00 am,6.68788099999999,-22.2796484,0.52803,1.5984858000000002,-34.30426720000001,12.600000000000001,1
487,49.8459634,49.5480594,57.1593148,43.324442,46.5341944,36.245377,1.0149534,1.0575396,1.6714774,0.512786,0.4916283999999999,1.4636696,68.4754444,67.545922,44.6594132,11.4,10.6,17.5,2,2,3,166.0,60.0,35,F,R,43.0,29.0,21.773842357381334,False,False,True,3.0,high,6.5,12:30:00 am,7:00:00 am,7.313351399999995,-7.079065,0.6565239999999999,0.9508836,-23.816031199999998,6.1,1
490,87.1058178,83.388435,90.2415632,32.629630000000006,41.979015200000006,35.363651,2.5816164,2.1998788,2.0506554,2.0992546,1.2295876,1.4159510000000002,37.4685768,46.852561,42.6494718,53.6,43.0,61.0,5,2,5,166.0,52.0,20,F,L,286.0,26.0,18.87066337639716,False,False,True,3.0,medium,6.5,11:00:00 pm,6:00:00 am,3.1357454000000047,2.7340209999999914,-0.530961,-0.6833035999999999,5.180895,7.399999999999999,0
